,index,dG,perm,logPerm,logPart,dGOW,POW,perm,log10(perm)
0,SC5,2.6516602,11545.712111621013,0.06242072431338701,0.46438882661996495,6.3,1.103327496,11550.0,-0.9374180158
1,SC6,1.51166825,12769.91680278084,0.10618806780289122,0.2647404991243433,5.3,0.9281961471,12770.0,-0.8938091026999999
2,SN1,0.6073417499999999,10359.593555077241,0.015342716775062952,0.10636457968476355,3.6,0.6304728546,10360.0,-0.9846402445999999
3,SN2,-0.33606525000000004,7047.14623078723,-0.15198671664448352,-0.05885556042031524,2.1319999999999997,0.373380035,7690.0,-1.11407366
4,SN3,-1.8649150250000002,2049.3280059103663,-0.6883885248802786,-0.32660508318739057,-1.8,-0.3152364273,2050.0,-1.688246139
5,SN5,-3.7433072975000004,401.9713726772274,-1.3958048751021286,-0.6555704549036778,-3.6,-0.6304728546,402.0,-2.395773947
6,SP1,-5.02266205,96.82906041874399,-2.013994282304898,-0.8796255779334501,-5.2,-0.9106830123,97.0,-3.013228266
7,SP3,-6.548442735500001,34.6187234832542,-2.460688950163678,-1.1468376069176884,-7.7,-1.348511384,35.0,-3.455931956
8,SP6,-11.56837609625,0.17341940686795193,-4.760902303491575,-2.0259853058231174,-12.2,-2.136602452,0.17,-5.769551079
