particle type,dGOW,POW,perm,log10(perm)
SP6,-12.2,-2.136602452,0.17,-5.769551079
SP3,-7.7,-1.348511384,35,-3.455931956
SP1,-5.2,-0.9106830123,97,-3.013228266
SN5,-3.6,-0.6304728546,402,-2.395773947
SN3,-1.8,-0.3152364273,2050,-1.688246139
SN2,2.132,0.373380035,7690,-1.11407366
SN1,3.6,0.6304728546,10360,-0.9846402446
SC6,5.3,0.9281961471,12770,-0.8938091027
SC5,6.3,1.103327496,11550,-0.9374180158
