,perm nm/us,perm relerr
./DNPC_di-C24-C26-1/awh-perm,0.20501309007140314,0.05254134622896316
./DGPC_di-C20-C22-1/awh-perm,0.30000545156957525,0.08196832388272333
./DOPC_di-C16-C18-1/awh-perm,0.5206896134458645,0.10112035055145971
./DYPC_di-C12-C14-1/awh-perm,1.0,0.1076685354692871
