,perm nm/us,perm relerr
./DNPC_di-C24-C26-1/awh-perm,0.13959224943397047,0.06174062669478491
./DGPC_di-C20-C22-1/awh-perm,0.21092355123156287,0.0579392004204191
./DOPC_di-C16-C18-1/awh-perm,0.48231837431767804,0.11126188844252521
./DYPC_di-C12-C14-1/awh-perm,1.0,0.13722301624035227
