,perm nm/us,perm std
./DNPC_di-C24-C26-1/awh-perm,0.3027245353723464,0.011459960201584601
./DGPC_di-C20-C22-1/awh-perm,0.4099254671127854,0.01626956439302557
./DOPC_di-C16-C18-1/awh-perm,0.6579333588502853,0.036107868079818695
./DYPC_di-C12-C14-1/awh-perm,1.3583586986677083,0.10619745164127933
