,perm nm/us,perm relerr
./DNPC_di-C24-C26-1/awh-perm,0.1395922494339705,0.06174062669478491
./DGPC_di-C20-C22-1/awh-perm,0.2109235512315629,0.0579392004204191
./DOPC_di-C16-C18-1/awh-perm,0.4823183743176781,0.11126188844252523
./DYPC_di-C12-C14-1/awh-perm,1.0,0.13722301624035227
